timestamp,zone,co2_level_ppm,noise_level_db,temperature_c,humidity_pct,green_cover_pct
2026-01-01 00:00,Zone_A,401.5,47.6,-2,95,37.1
2026-01-01 00:00,Zone_B,429.8,69.0,-1.4,85.9,19.4
2026-01-01 00:00,Zone_C,476.1,67.1,-0.4,85.8,11.3
2026-01-01 01:00,Zone_A,406.9,47.1,-0.9,81.8,36.7
2026-01-01 01:00,Zone_B,432.6,65.7,-1.0,93.6,20.1
2026-01-01 01:00,Zone_C,475.8,68.2,-0.5,84.2,12.7
2026-01-01 02:00,Zone_A,408.1,43.8,1.6,91.6,37.0
2026-01-01 02:00,Zone_B,428.7,62.7,3.2,84.3,20.0
2026-01-01 02:00,Zone_C,467.4,64.8,0.8,81.9,12.5
2026-01-01 03:00,Zone_A,408.2,45.7,2.6,82.4,36.4
2026-01-01 03:00,Zone_B,419.3,64.4,5.3,83.9,20.3
2026-01-01 03:00,Zone_C,469.3,65.0,4.7,86.2,11.0
2026-01-01 04:00,Zone_A,409.7,42.8,4.8,70.8,36.1
2026-01-01 04:00,Zone_B,434.5,64.3,2.4,81.0,18.7
2026-01-01 04:00,Zone_C,469.6,65.8,3.0,68.9,11.3
2026-01-01 05:00,Zone_A,405.4,47.1,6.0,78.2,38.0
2026-01-01 05:00,Zone_B,433.2,68.0,5.4,69.9,19.2
2026-01-01 05:00,Zone_C,464.0,70.3,5.4,69.5,11.1
2026-01-01 06:00,Zone_A,409.6,43.9,9.7,62.1,37.3
2026-01-01 06:00,Zone_B,445.2,67.8,8.4,77.1,19.3
2026-01-01 06:00,Zone_C,465.3,71.3,7.3,70.8,11.7
2026-01-01 07:00,Zone_A,420.2,49.7,11.7,69.8,36.9
2026-01-01 07:00,Zone_B,455.8,71.0,9.6,67.4,21.2
2026-01-01 07:00,Zone_C,459.3,68.1,9.8,63.7,12.1
2026-01-01 08:00,Zone_A,418.9,45.7,9.5,61.3,36.6
2026-01-01 08:00,Zone_B,459.4,73.4,11.1,60.3,19.7
2026-01-01 08:00,Zone_C,471.2,73.1,8.9,68.2,11.9
2026-01-01 09:00,Zone_A,417.4,48.4,14.7,63.3,38.4
2026-01-01 09:00,Zone_B,464.2,75.3,14.4,57.4,20.1
2026-01-01 09:00,Zone_C,457.7,69.1,12.1,58.8,12.6
2026-01-01 10:00,Zone_A,416.9,49.8,14.3,56.6,39.3
2026-01-01 10:00,Zone_B,460.6,69.4,14.2,44.5,19.7
2026-01-01 10:00,Zone_C,469.5,74.9,17.2,55.0,11.4
2026-01-01 11:00,Zone_A,413.4,44.2,14.4,54.2,37.9
2026-01-01 11:00,Zone_B,443.8,70.5,17.0,47.7,19.6
2026-01-01 11:00,Zone_C,451.8,72.9,16.1,57.1,12.7
2026-01-01 12:00,Zone_A,411.3,47.6,19.7,57.6,39.6
2026-01-01 12:00,Zone_B,439.0,68.0,17.6,47.6,20.6
2026-01-01 12:00,Zone_C,461.7,72.5,17.0,51.3,11.8
2026-01-01 13:00,Zone_A,410.3,45.9,17.2,43.5,37.2
2026-01-01 13:00,Zone_B,431.7,65.3,18.8,57.2,20.5
2026-01-01 13:00,Zone_C,461.0,70.7,19.2,55.2,11.9
2026-01-01 14:00,Zone_A,415.1,47.3,21.3,53.6,36.8
2026-01-01 14:00,Zone_B,439.5,66.9,17.6,53.2,19.8
2026-01-01 14:00,Zone_C,456.9,69.3,18.2,53.4,11.9
2026-01-01 15:00,Zone_A,412.4,44.8,19.7,37.8,36.7
2026-01-01 15:00,Zone_B,458.4,69.6,20.0,48.4,19.4
2026-01-01 15:00,Zone_C,465.8,68.9,20.2,45.5,11.4
2026-01-01 16:00,Zone_A,417.0,50.6,13.6,50.5,37.4
2026-01-01 16:00,Zone_B,463.3,74.7,17.7,41.6,20.6
2026-01-01 16:00,Zone_C,459.6,71.7,15.1,42.1,12.7
2026-01-01 17:00,Zone_A,422.9,50.1,16.8,47.2,39.8
2026-01-01 17:00,Zone_B,460.9,77.2,18.5,54.2,21.4
2026-01-01 17:00,Zone_C,462.6,71.2,19.4,58.4,12.5
2026-01-01 18:00,Zone_A,422.9,47.8,13.3,60.4,37.2
2026-01-01 18:00,Zone_B,471.3,78.1,15.9,55.2,18.8
2026-01-01 18:00,Zone_C,463.3,69.2,13.3,53.8,11.4
2026-01-01 19:00,Zone_A,415.0,47.5,13.5,48.1,37.0
2026-01-01 19:00,Zone_B,464.7,75.2,14.1,56.1,21.3
2026-01-01 19:00,Zone_C,477.0,72.1,11.7,60.4,11.4
2026-01-01 20:00,Zone_A,411.2,47.2,13.3,67.6,36.9
2026-01-01 20:00,Zone_B,450.8,69.5,11.1,68.6,19.1
2026-01-01 20:00,Zone_C,472.5,67.1,12.3,70.4,11.2
2026-01-01 21:00,Zone_A,404.7,48.4,9.1,69.4,39.4
2026-01-01 21:00,Zone_B,439.1,68.4,8.8,65.2,20.7
2026-01-01 21:00,Zone_C,464.3,66.4,8.6,63.6,11.9
2026-01-01 22:00,Zone_A,407.4,46.5,8.2,65.3,37.1
2026-01-01 22:00,Zone_B,431.7,67.5,6.6,73.6,19.9
2026-01-01 22:00,Zone_C,460.6,69.1,7.1,71.0,11.5
2026-01-01 23:00,Zone_A,406.4,48.1,6.4,79.6,39.6
2026-01-01 23:00,Zone_B,426.2,65.6,4.4,74.9,19.2
2026-01-01 23:00,Zone_C,468.2,67.3,6.6,70.5,11.9
2026-01-02 00:00,Zone_A,411.0,48.9,-2,88.0,38.4
2026-01-02 00:00,Zone_B,425.0,65.2,-2,84.9,21.4
2026-01-02 00:00,Zone_C,478.9,66.0,-2,94.5,11.2
2026-01-02 01:00,Zone_A,407.4,44.7,-0.1,89.5,37.5
2026-01-02 01:00,Zone_B,422.1,66.2,1.6,88.2,21.3
2026-01-02 01:00,Zone_C,471.0,70.0,2.1,87.6,12.8
2026-01-02 02:00,Zone_A,406.6,44.8,2.3,92.4,39.0
2026-01-02 02:00,Zone_B,431.1,66.0,0.7,79.6,19.5
2026-01-02 02:00,Zone_C,477.0,66.9,2.1,79.6,12.7
2026-01-02 03:00,Zone_A,402.6,43.1,2.8,75.3,39.4
2026-01-02 03:00,Zone_B,434.1,69.0,2.8,74.0,18.9
2026-01-02 03:00,Zone_C,473.6,66.9,2.8,76.4,12.4
2026-01-02 04:00,Zone_A,408.0,44.7,3.1,78.2,39.7
2026-01-02 04:00,Zone_B,432.3,65.2,4.7,71.3,21.5
2026-01-02 04:00,Zone_C,472.3,68.5,5.4,83.7,11.5
2026-01-02 05:00,Zone_A,406.6,48.3,6.1,68.7,39.8
2026-01-02 05:00,Zone_B,431.1,64.6,4.7,80.4,19.4
2026-01-02 05:00,Zone_C,461.0,70.1,6.6,76.9,11.1
2026-01-02 06:00,Zone_A,408.2,48.1,8.2,69.9,36.9
2026-01-02 06:00,Zone_B,443.4,71.7,8.4,70.7,20.5
2026-01-02 06:00,Zone_C,465.6,69.8,10.6,66.9,11.2
2026-01-02 07:00,Zone_A,416.2,50.6,11.9,67.5,39.3
2026-01-02 07:00,Zone_B,454.6,69.6,12.7,80.3,19.6
2026-01-02 07:00,Zone_C,462.2,70.7,10.5,67.0,11.2
2026-01-02 08:00,Zone_A,419.1,46.2,11.1,60.3,37.5
2026-01-02 08:00,Zone_B,460.5,76.2,10.8,74.0,19.3
2026-01-02 08:00,Zone_C,470.3,74.2,13.7,61.0,12.6
2026-01-02 09:00,Zone_A,417.3,47.4,14.3,59.3,39.4
2026-01-02 09:00,Zone_B,459.8,71.9,15.3,57.2,20.0
2026-01-02 09:00,Zone_C,457.0,72.8,16.6,64.2,11.3
2026-01-02 10:00,Zone_A,411.5,44.9,16.6,52.7,38.1
2026-01-02 10:00,Zone_B,446.1,72.8,14.4,53.9,21.1
2026-01-02 10:00,Zone_C,464.4,72.2,14.6,55.5,11.9
2026-01-02 11:00,Zone_A,409.7,47.4,12.0,54.2,37.6
2026-01-02 11:00,Zone_B,441.5,68.7,14.5,54.2,18.8
2026-01-02 11:00,Zone_C,456.3,73.6,14.1,55.3,12.3
2026-01-02 12:00,Zone_A,415.6,47.9,16.2,50.4,39.3
2026-01-02 12:00,Zone_B,442.0,69.8,15.2,58.6,21.3
2026-01-02 12:00,Zone_C,464.8,70.6,17.1,55.2,12.3
2026-01-02 13:00,Zone_A,412.3,47.4,18.6,55.7,36.2
2026-01-02 13:00,Zone_B,442.4,70.0,16.0,47.9,19.0
2026-01-02 13:00,Zone_C,455.0,69.1,16.5,51.8,11.6
2026-01-02 14:00,Zone_A,408.3,49.2,20.6,40.5,36.5
2026-01-02 14:00,Zone_B,443.1,65.3,17.2,44.9,19.4
2026-01-02 14:00,Zone_C,460.0,68.3,19.3,57.9,12.8
2026-01-02 15:00,Zone_A,413.1,49.1,18.0,54.7,38.1
2026-01-02 15:00,Zone_B,452.4,74.2,16.5,55.4,21.2
2026-01-02 15:00,Zone_C,454.3,68.8,20.0,47.5,11.4
2026-01-02 16:00,Zone_A,415.9,46.4,18.7,52.4,39.1
2026-01-02 16:00,Zone_B,455.4,71.2,16.8,55.0,20.7
2026-01-02 16:00,Zone_C,456.1,71.7,18.1,48.1,12.7
2026-01-02 17:00,Zone_A,418.3,50.6,16.0,50.4,37.4
2026-01-02 17:00,Zone_B,469.5,75.6,15.8,57.7,21.2
2026-01-02 17:00,Zone_C,449.2,71.1,19.1,53.4,11.4
2026-01-02 18:00,Zone_A,420.1,49.8,14.9,56.0,39.1
2026-01-02 18:00,Zone_B,465.7,73.9,13.7,54.0,20.6
2026-01-02 18:00,Zone_C,473.4,71.6,15.2,64.3,11.0
2026-01-02 19:00,Zone_A,419.7,47.3,11.0,64.0,37.9
2026-01-02 19:00,Zone_B,455.8,74.7,13.7,59.8,20.8
2026-01-02 19:00,Zone_C,458.4,67.8,13.4,55.3,11.5
2026-01-02 20:00,Zone_A,409.5,50.0,9.2,64.3,37.9
2026-01-02 20:00,Zone_B,450.1,68.2,10.9,63.0,18.6
2026-01-02 20:00,Zone_C,469.5,66.6,12.0,57.0,12.2
2026-01-02 21:00,Zone_A,410.4,48.4,7.7,67.4,36.5
2026-01-02 21:00,Zone_B,448.0,72.6,9.9,73.2,19.6
2026-01-02 21:00,Zone_C,467.2,65.1,9.5,68.8,12.0
2026-01-02 22:00,Zone_A,410.3,47.2,6.0,71.0,39.8
2026-01-02 22:00,Zone_B,434.6,68.8,10.1,69.9,19.2
2026-01-02 22:00,Zone_C,479.1,68.5,10.6,69.0,11.4
2026-01-02 23:00,Zone_A,409.1,44.1,8.2,81.9,39.4
2026-01-02 23:00,Zone_B,435.8,67.8,4.6,80.5,20.6
2026-01-02 23:00,Zone_C,467.4,66.4,5.7,77.7,12.7
2026-01-03 00:00,Zone_A,408.4,44.9,0.4,81.7,39.0
2026-01-03 00:00,Zone_B,426.6,64.1,-2,88.6,19.1
2026-01-03 00:00,Zone_C,478.6,68.4,-0.8,86.2,11.3
2026-01-03 01:00,Zone_A,404.7,48.0,-1.3,81.5,39.7
2026-01-03 01:00,Zone_B,428.0,67.9,0.1,92.2,19.4
2026-01-03 01:00,Zone_C,470.3,69.9,-1.6,89.0,11.7
2026-01-03 02:00,Zone_A,414.0,46.4,4.5,79.8,38.9
2026-01-03 02:00,Zone_B,430.8,66.8,0.3,81.9,20.6
2026-01-03 02:00,Zone_C,471.9,70.1,-0.6,75.2,11.8
2026-01-03 03:00,Zone_A,404.8,44.8,1.1,82.7,39.3
2026-01-03 03:00,Zone_B,413.7,62.4,2.1,74.3,20.5
2026-01-03 03:00,Zone_C,456.0,69.8,1.0,82.7,11.5
2026-01-03 04:00,Zone_A,408.8,45.0,3.8,81.0,39.2
2026-01-03 04:00,Zone_B,424.2,63.1,1.0,73.7,20.4
2026-01-03 04:00,Zone_C,461.8,69.2,4.5,86.7,12.0
2026-01-03 05:00,Zone_A,406.7,43.4,7.4,82.2,36.9
2026-01-03 05:00,Zone_B,424.6,66.9,5.5,73.0,21.3
2026-01-03 05:00,Zone_C,464.8,70.3,6.8,71.3,12.3
2026-01-03 06:00,Zone_A,409.6,47.4,9.8,71.6,36.9
2026-01-03 06:00,Zone_B,444.3,68.6,6.1,72.3,19.7
2026-01-03 06:00,Zone_C,469.0,69.9,7.6,69.3,11.5
2026-01-03 07:00,Zone_A,418.3,50.1,8.3,64.0,37.9
2026-01-03 07:00,Zone_B,449.7,72.1,10.2,61.7,20.9
2026-01-03 07:00,Zone_C,466.7,68.0,9.7,65.5,11.6
2026-01-03 08:00,Zone_A,412.5,51.0,14.5,64.9,38.6
2026-01-03 08:00,Zone_B,458.8,73.2,15.1,58.7,19.8
2026-01-03 08:00,Zone_C,463.9,71.8,12.8,62.8,12.8
2026-01-03 09:00,Zone_A,416.9,47.6,15.0,64.9,37.7
2026-01-03 09:00,Zone_B,475.2,72.8,14.1,52.2,20.7
2026-01-03 09:00,Zone_C,463.5,72.4,12.0,50.4,11.4
2026-01-03 10:00,Zone_A,412.3,46.6,16.1,58.4,36.7
2026-01-03 10:00,Zone_B,456.6,71.2,16.2,56.4,18.5
2026-01-03 10:00,Zone_C,461.3,71.4,14.3,53.3,11.3
2026-01-03 11:00,Zone_A,415.5,44.5,16.5,52.2,38.5
2026-01-03 11:00,Zone_B,438.4,69.2,13.5,61.9,18.8
2026-01-03 11:00,Zone_C,454.8,70.6,17.4,51.0,12.9
2026-01-03 12:00,Zone_A,404.1,45.7,16.4,58.8,39.8
2026-01-03 12:00,Zone_B,439.5,68.3,18.4,49.3,20.1
2026-01-03 12:00,Zone_C,450.6,71.7,17.5,41.3,12.0
2026-01-03 13:00,Zone_A,410.2,45.5,17.4,59.0,36.7
2026-01-03 13:00,Zone_B,437.8,66.7,17.9,54.0,20.3
2026-01-03 13:00,Zone_C,450.3,72.1,17.5,45.7,11.3
2026-01-03 14:00,Zone_A,408.4,43.9,19.2,50.4,39.8
2026-01-03 14:00,Zone_B,434.8,69.1,21.0,49.1,21.4
2026-01-03 14:00,Zone_C,449.3,71.3,17.9,45.1,11.7
2026-01-03 15:00,Zone_A,415.9,50.2,18.2,44.5,39.7
2026-01-03 15:00,Zone_B,453.8,72.3,17.6,44.0,20.6
2026-01-03 15:00,Zone_C,450.5,69.0,18.6,45.5,11.2
2026-01-03 16:00,Zone_A,421.3,47.2,14.9,53.9,36.8
2026-01-03 16:00,Zone_B,462.5,75.3,16.3,52.5,20.5
2026-01-03 16:00,Zone_C,462.2,68.8,19.5,46.6,11.2
2026-01-03 17:00,Zone_A,415.5,46.2,14.3,59.3,36.5
2026-01-03 17:00,Zone_B,474.7,76.7,14.3,50.4,20.0
2026-01-03 17:00,Zone_C,466.5,69.5,16.5,48.0,13.0
2026-01-03 18:00,Zone_A,418.0,51.8,12.2,58.4,37.9
2026-01-03 18:00,Zone_B,468.9,77.1,14.6,56.9,18.5
2026-01-03 18:00,Zone_C,458.8,69.0,15.9,56.7,11.6
2026-01-03 19:00,Zone_A,420.2,49.6,14.0,58.1,37.7
2026-01-03 19:00,Zone_B,460.7,75.1,13.8,55.8,21.3
2026-01-03 19:00,Zone_C,470.6,71.5,13.1,60.2,11.2
2026-01-03 20:00,Zone_A,415.3,46.6,10.0,61.3,38.8
2026-01-03 20:00,Zone_B,449.6,69.3,9.5,63.1,21.1
2026-01-03 20:00,Zone_C,470.6,67.2,13.2,62.2,12.4
2026-01-03 21:00,Zone_A,414.3,47.2,8.1,61.1,36.2
2026-01-03 21:00,Zone_B,441.4,69.1,11.7,48.4,20.3
2026-01-03 21:00,Zone_C,455.4,70.6,9.4,74.8,11.9
2026-01-03 22:00,Zone_A,413.0,47.3,7.7,63.2,36.5
2026-01-03 22:00,Zone_B,441.2,68.6,8.6,63.1,19.2
2026-01-03 22:00,Zone_C,471.3,67.8,5.9,74.2,12.4
2026-01-03 23:00,Zone_A,411.4,43.8,5.0,65.7,37.4
2026-01-03 23:00,Zone_B,440.0,67.5,4.0,67.0,19.1
2026-01-03 23:00,Zone_C,477.8,66.5,5.9,75.1,13.0
2026-01-04 00:00,Zone_A,410.7,48.5,-1.5,90.8,38.5
2026-01-04 00:00,Zone_B,424.7,65.7,-2,88.5,20.2
2026-01-04 00:00,Zone_C,474.2,70.1,0.3,77.9,11.8
2026-01-04 01:00,Zone_A,408.9,45.2,3.2,86.9,37.2
2026-01-04 01:00,Zone_B,432.8,68.8,-1.0,83.0,21.3
2026-01-04 01:00,Zone_C,473.2,68.2,-1.0,91.5,11.6
2026-01-04 02:00,Zone_A,405.5,47.8,1.3,88.6,38.4
2026-01-04 02:00,Zone_B,432.7,65.4,-0.1,81.2,21.3
2026-01-04 02:00,Zone_C,461.6,65.6,0.1,85.5,12.4
2026-01-04 03:00,Zone_A,402.6,47.5,3.4,73.9,37.1
2026-01-04 03:00,Zone_B,426.8,67.4,3.7,70.7,21.1
2026-01-04 03:00,Zone_C,470.0,66.4,2.9,90.9,12.1
2026-01-04 04:00,Zone_A,404.2,45.9,5.4,74.0,36.6
2026-01-04 04:00,Zone_B,424.1,63.2,3.6,76.1,19.5
2026-01-04 04:00,Zone_C,458.9,67.7,2.7,76.6,12.9
2026-01-04 05:00,Zone_A,413.1,49.7,6.8,67.7,38.7
2026-01-04 05:00,Zone_B,428.3,67.0,9.1,79.3,21.1
2026-01-04 05:00,Zone_C,464.3,67.6,7.7,85.1,11.5
2026-01-04 06:00,Zone_A,412.3,49.4,7.7,68.2,38.3
2026-01-04 06:00,Zone_B,439.3,66.1,9.1,75.0,20.6
2026-01-04 06:00,Zone_C,464.7,66.1,9.1,67.8,11.7
2026-01-04 07:00,Zone_A,417.5,50.2,11.5,65.7,38.1
2026-01-04 07:00,Zone_B,456.4,73.4,10.6,61.8,19.6
2026-01-04 07:00,Zone_C,470.7,70.3,8.9,69.4,12.2
2026-01-04 08:00,Zone_A,418.6,46.9,12.3,59.9,36.2
2026-01-04 08:00,Zone_B,463.5,73.6,10.2,62.8,19.8
2026-01-04 08:00,Zone_C,461.2,69.5,10.6,59.1,12.2
2026-01-04 09:00,Zone_A,424.4,48.9,12.0,54.9,39.3
2026-01-04 09:00,Zone_B,466.0,73.1,15.5,58.0,18.9
2026-01-04 09:00,Zone_C,467.6,69.3,17.8,57.4,12.5
2026-01-04 10:00,Zone_A,408.8,49.8,14.9,43.2,38.1
2026-01-04 10:00,Zone_B,457.1,72.6,15.4,50.3,19.1
2026-01-04 10:00,Zone_C,452.4,73.7,15.0,57.2,12.9
2026-01-04 11:00,Zone_A,410.5,47.5,16.6,54.8,37.7
2026-01-04 11:00,Zone_B,438.6,67.6,17.0,50.1,21.3
2026-01-04 11:00,Zone_C,446.2,70.3,15.6,51.8,11.7
2026-01-04 12:00,Zone_A,409.7,45.6,18.1,48.0,37.6
2026-01-04 12:00,Zone_B,440.3,65.4,17.4,47.9,19.2
2026-01-04 12:00,Zone_C,448.6,73.5,17.3,49.0,11.6
2026-01-04 13:00,Zone_A,409.7,44.7,16.1,55.7,39.3
2026-01-04 13:00,Zone_B,447.2,67.4,16.1,38.9,21.1
2026-01-04 13:00,Zone_C,455.7,68.6,20.4,45.5,11.9
2026-01-04 14:00,Zone_A,410.9,47.3,18.0,41.9,36.1
2026-01-04 14:00,Zone_B,447.7,67.9,16.7,41.6,19.9
2026-01-04 14:00,Zone_C,446.8,71.7,18.1,51.0,12.6
2026-01-04 15:00,Zone_A,412.9,47.0,17.6,47.9,39.3
2026-01-04 15:00,Zone_B,457.7,74.1,19.6,45.7,21.5
2026-01-04 15:00,Zone_C,456.0,71.8,14.9,55.2,12.4
2026-01-04 16:00,Zone_A,420.0,46.9,17.0,53.1,39.0
2026-01-04 16:00,Zone_B,460.7,76.6,18.0,56.8,19.0
2026-01-04 16:00,Zone_C,460.1,71.5,17.7,52.7,12.0
2026-01-04 17:00,Zone_A,419.2,51.4,18.3,50.3,36.3
2026-01-04 17:00,Zone_B,466.6,74.3,14.7,53.7,21.0
2026-01-04 17:00,Zone_C,479.0,67.7,17.0,48.2,11.5
2026-01-04 18:00,Zone_A,421.6,51.7,15.7,55.3,36.7
2026-01-04 18:00,Zone_B,459.2,76.6,15.3,57.1,20.3
2026-01-04 18:00,Zone_C,460.2,67.1,16.9,59.5,12.5
2026-01-04 19:00,Zone_A,421.0,49.9,15.3,61.3,39.0
2026-01-04 19:00,Zone_B,463.1,72.3,16.0,61.9,21.5
2026-01-04 19:00,Zone_C,463.5,69.9,14.2,56.9,11.5
2026-01-04 20:00,Zone_A,415.0,46.9,12.2,61.6,40.0
2026-01-04 20:00,Zone_B,454.1,70.0,10.9,63.2,21.1
2026-01-04 20:00,Zone_C,466.3,66.6,12.4,57.4,11.9
2026-01-04 21:00,Zone_A,414.7,44.6,11.8,73.3,38.8
2026-01-04 21:00,Zone_B,448.8,70.8,8.0,70.0,21.3
2026-01-04 21:00,Zone_C,464.2,64.9,8.0,60.5,12.7
2026-01-04 22:00,Zone_A,412.1,47.1,9.2,66.6,39.0
2026-01-04 22:00,Zone_B,442.3,67.0,5.0,76.2,21.2
2026-01-04 22:00,Zone_C,472.4,66.3,8.3,65.5,11.1
2026-01-04 23:00,Zone_A,410.7,49.1,6.2,67.7,36.7
2026-01-04 23:00,Zone_B,431.5,67.2,4.5,61.8,20.9
2026-01-04 23:00,Zone_C,480.4,65.5,4.8,75.7,11.1
2026-01-05 00:00,Zone_A,405.9,47.4,-0.9,82.9,36.2
2026-01-05 00:00,Zone_B,435.6,65.0,-1.8,84.5,19.9
2026-01-05 00:00,Zone_C,483.0,69.0,-0.9,94.0,12.6
2026-01-05 01:00,Zone_A,406.5,48.6,1.3,92.7,36.1
2026-01-05 01:00,Zone_B,425.4,63.4,1.6,94.0,20.9
2026-01-05 01:00,Zone_C,477.5,66.8,-1.6,81.4,12.8
2026-01-05 02:00,Zone_A,411.2,46.9,2.9,84.0,39.7
2026-01-05 02:00,Zone_B,429.9,63.7,-1.8,79.1,21.1
2026-01-05 02:00,Zone_C,462.7,65.2,-1.6,85.7,12.8
2026-01-05 03:00,Zone_A,407.8,46.5,2.6,87.5,38.8
2026-01-05 03:00,Zone_B,427.5,63.4,3.9,84.2,20.9
2026-01-05 03:00,Zone_C,472.0,68.4,2.9,71.0,12.7
2026-01-05 04:00,Zone_A,407.8,44.9,7.0,82.2,38.2
2026-01-05 04:00,Zone_B,435.8,67.5,4.9,69.2,21.3
2026-01-05 04:00,Zone_C,471.5,69.1,4.7,76.1,11.7
2026-01-05 05:00,Zone_A,411.9,48.3,5.8,70.6,36.3
2026-01-05 05:00,Zone_B,438.7,68.6,7.0,73.0,20.3
2026-01-05 05:00,Zone_C,467.8,69.4,7.3,75.7,11.8
2026-01-05 06:00,Zone_A,411.3,45.3,7.5,76.7,38.0
2026-01-05 06:00,Zone_B,438.2,69.8,7.4,70.5,21.3
2026-01-05 06:00,Zone_C,461.0,70.0,4.9,70.2,12.5
2026-01-05 07:00,Zone_A,415.2,45.2,9.0,70.5,36.7
2026-01-05 07:00,Zone_B,452.3,68.8,9.0,62.0,20.1
2026-01-05 07:00,Zone_C,465.8,73.3,8.7,67.5,11.1
2026-01-05 08:00,Zone_A,416.5,49.1,11.9,60.8,39.2
2026-01-05 08:00,Zone_B,452.4,75.4,14.7,60.7,18.6
2026-01-05 08:00,Zone_C,479.8,69.6,12.6,65.1,12.7
2026-01-05 09:00,Zone_A,413.8,50.7,12.7,58.2,37.9
2026-01-05 09:00,Zone_B,465.1,77.5,13.5,59.3,20.3
2026-01-05 09:00,Zone_C,456.2,71.4,17.5,54.0,12.2
2026-01-05 10:00,Zone_A,413.4,46.9,14.7,45.2,38.4
2026-01-05 10:00,Zone_B,451.4,72.9,15.5,56.8,21.2
2026-01-05 10:00,Zone_C,463.7,70.4,13.5,54.6,12.8
2026-01-05 11:00,Zone_A,415.1,50.2,19.4,49.6,39.0
2026-01-05 11:00,Zone_B,438.8,66.3,13.9,64.4,18.6
2026-01-05 11:00,Zone_C,460.1,73.3,15.7,62.2,11.3
2026-01-05 12:00,Zone_A,413.4,48.1,17.7,57.0,38.7
2026-01-05 12:00,Zone_B,440.9,66.8,14.4,57.5,21.1
2026-01-05 12:00,Zone_C,445.2,73.9,15.8,55.8,12.5
2026-01-05 13:00,Zone_A,415.5,43.6,17.9,50.4,38.2
2026-01-05 13:00,Zone_B,448.7,68.5,16.3,53.3,19.8
2026-01-05 13:00,Zone_C,465.1,73.3,17.8,43.8,11.0
2026-01-05 14:00,Zone_A,408.9,47.2,16.0,49.5,38.3
2026-01-05 14:00,Zone_B,444.5,68.5,18.6,53.4,19.3
2026-01-05 14:00,Zone_C,456.6,73.0,15.5,49.3,12.2
2026-01-05 15:00,Zone_A,417.2,47.5,17.3,46.5,38.0
2026-01-05 15:00,Zone_B,443.5,71.8,16.4,49.8,19.1
2026-01-05 15:00,Zone_C,461.3,71.7,19.0,60.3,12.0
2026-01-05 16:00,Zone_A,416.4,48.6,18.5,55.2,38.5
2026-01-05 16:00,Zone_B,454.8,72.1,18.5,41.9,21.3
2026-01-05 16:00,Zone_C,454.9,68.7,17.7,61.2,11.4
2026-01-05 17:00,Zone_A,420.5,52.0,16.4,51.4,37.9
2026-01-05 17:00,Zone_B,471.8,75.5,17.0,54.3,19.0
2026-01-05 17:00,Zone_C,458.2,69.5,17.2,63.7,12.8
2026-01-05 18:00,Zone_A,420.3,51.1,14.6,58.3,36.5
2026-01-05 18:00,Zone_B,466.0,75.3,16.1,56.2,20.2
2026-01-05 18:00,Zone_C,468.5,68.6,15.5,61.6,11.1
2026-01-05 19:00,Zone_A,415.6,50.6,12.7,62.8,39.8
2026-01-05 19:00,Zone_B,457.0,70.8,15.2,65.3,19.5
2026-01-05 19:00,Zone_C,459.6,70.0,12.5,56.3,12.4
2026-01-05 20:00,Zone_A,412.6,47.6,14.4,66.4,38.9
2026-01-05 20:00,Zone_B,451.8,68.9,9.8,65.1,19.7
2026-01-05 20:00,Zone_C,471.7,69.5,12.4,62.1,12.9
2026-01-05 21:00,Zone_A,407.5,44.2,9.8,62.1,37.5
2026-01-05 21:00,Zone_B,442.5,69.3,7.9,67.1,20.4
2026-01-05 21:00,Zone_C,470.2,67.8,7.8,66.2,11.2
2026-01-05 22:00,Zone_A,410.5,47.4,6.3,75.1,39.0
2026-01-05 22:00,Zone_B,439.9,65.4,8.3,66.8,19.3
2026-01-05 22:00,Zone_C,460.4,68.6,8.4,69.6,11.3
2026-01-05 23:00,Zone_A,406.8,47.9,7.9,75.2,36.3
2026-01-05 23:00,Zone_B,431.6,67.4,5.3,74.1,20.8
2026-01-05 23:00,Zone_C,473.0,66.9,4.6,73.7,11.6
2026-01-06 00:00,Zone_A,403.2,46.9,-0.8,88.7,38.2
2026-01-06 00:00,Zone_B,425.4,68.1,-0.1,91.1,20.1
2026-01-06 00:00,Zone_C,457.5,65.5,-0.8,87.5,11.0
2026-01-06 01:00,Zone_A,405.5,47.5,-2,82.2,36.4
2026-01-06 01:00,Zone_B,430.6,64.2,-2,82.6,19.4
2026-01-06 01:00,Zone_C,476.6,65.8,-1.4,83.5,11.3
2026-01-06 02:00,Zone_A,408.8,47.9,0.8,85.7,36.7
2026-01-06 02:00,Zone_B,423.6,66.2,2.1,86.7,21.2
2026-01-06 02:00,Zone_C,463.3,67.3,0.1,92.7,12.7
2026-01-06 03:00,Zone_A,408.5,46.2,2.5,78.0,39.1
2026-01-06 03:00,Zone_B,435.6,64.6,2.4,75.5,21.1
2026-01-06 03:00,Zone_C,463.6,68.7,1.2,76.8,12.6
2026-01-06 04:00,Zone_A,410.0,43.7,3.0,86.2,37.2
2026-01-06 04:00,Zone_B,431.3,63.6,2.9,74.6,20.3
2026-01-06 04:00,Zone_C,466.8,66.3,2.2,80.5,11.2
2026-01-06 05:00,Zone_A,404.4,44.0,7.4,82.6,37.2
2026-01-06 05:00,Zone_B,431.5,65.8,8.2,65.9,20.1
2026-01-06 05:00,Zone_C,462.6,69.8,6.5,75.8,11.2
2026-01-06 06:00,Zone_A,412.3,49.8,8.0,80.4,38.3
2026-01-06 06:00,Zone_B,434.1,70.9,8.0,66.3,21.1
2026-01-06 06:00,Zone_C,470.3,68.8,6.5,66.9,12.7
2026-01-06 07:00,Zone_A,420.1,47.7,12.5,58.0,38.4
2026-01-06 07:00,Zone_B,464.8,74.7,11.2,59.9,18.8
2026-01-06 07:00,Zone_C,466.4,69.0,11.3,64.9,12.4
2026-01-06 08:00,Zone_A,422.3,46.2,8.6,71.0,39.5
2026-01-06 08:00,Zone_B,467.9,74.2,13.7,58.8,18.6
2026-01-06 08:00,Zone_C,462.7,68.4,13.4,60.3,11.0
2026-01-06 09:00,Zone_A,419.0,51.8,13.0,53.3,39.0
2026-01-06 09:00,Zone_B,456.8,72.7,15.6,61.2,21.1
2026-01-06 09:00,Zone_C,462.5,69.0,14.3,60.3,12.3
2026-01-06 10:00,Zone_A,414.8,46.4,15.4,51.6,38.1
2026-01-06 10:00,Zone_B,455.2,70.2,15.6,60.8,20.6
2026-01-06 10:00,Zone_C,469.4,70.6,17.0,52.5,11.8
2026-01-06 11:00,Zone_A,409.9,48.7,15.0,56.5,36.7
2026-01-06 11:00,Zone_B,443.1,66.5,13.2,57.8,19.9
2026-01-06 11:00,Zone_C,449.0,72.1,16.6,49.3,11.9
2026-01-06 12:00,Zone_A,412.5,49.2,16.5,46.9,39.4
2026-01-06 12:00,Zone_B,430.7,65.8,15.7,57.1,20.2
2026-01-06 12:00,Zone_C,459.8,71.0,16.7,43.9,12.8
2026-01-06 13:00,Zone_A,405.2,47.3,22.1,41.2,39.5
2026-01-06 13:00,Zone_B,439.6,67.1,16.9,47.5,20.7
2026-01-06 13:00,Zone_C,463.7,71.4,14.3,50.1,12.3
2026-01-06 14:00,Zone_A,418.8,49.8,18.8,50.7,39.0
2026-01-06 14:00,Zone_B,435.8,70.3,16.1,44.5,19.0
2026-01-06 14:00,Zone_C,448.9,70.9,19.7,58.0,12.9
2026-01-06 15:00,Zone_A,417.4,45.9,17.7,58.2,39.9
2026-01-06 15:00,Zone_B,452.7,72.4,16.1,50.9,19.1
2026-01-06 15:00,Zone_C,458.7,68.2,18.7,55.6,12.2
2026-01-06 16:00,Zone_A,421.1,48.6,15.8,49.3,39.9
2026-01-06 16:00,Zone_B,462.4,72.5,16.6,47.0,19.1
2026-01-06 16:00,Zone_C,458.6,67.9,16.4,46.9,12.0
2026-01-06 17:00,Zone_A,414.8,50.2,15.2,60.6,39.1
2026-01-06 17:00,Zone_B,465.7,76.9,16.1,54.9,19.9
2026-01-06 17:00,Zone_C,464.7,70.0,16.7,51.8,12.3
2026-01-06 18:00,Zone_A,417.1,48.4,16.3,59.9,38.3
2026-01-06 18:00,Zone_B,474.7,74.0,16.0,50.6,21.2
2026-01-06 18:00,Zone_C,466.6,71.4,15.8,49.5,11.5
2026-01-06 19:00,Zone_A,416.5,49.8,13.2,56.2,38.5
2026-01-06 19:00,Zone_B,459.4,73.8,12.7,59.3,19.9
2026-01-06 19:00,Zone_C,466.5,68.9,14.0,59.6,11.2
2026-01-06 20:00,Zone_A,418.0,49.8,11.8,64.4,38.6
2026-01-06 20:00,Zone_B,446.4,70.3,14.5,67.5,19.4
2026-01-06 20:00,Zone_C,465.5,69.4,14.8,60.2,13.0
2026-01-06 21:00,Zone_A,409.6,48.7,9.8,66.0,36.6
2026-01-06 21:00,Zone_B,435.6,70.1,8.6,62.6,19.7
2026-01-06 21:00,Zone_C,474.5,67.6,9.7,68.5,11.3
2026-01-06 22:00,Zone_A,413.9,44.4,6.7,64.2,37.3
2026-01-06 22:00,Zone_B,432.5,65.8,7.7,70.2,20.4
2026-01-06 22:00,Zone_C,466.4,66.3,7.1,68.3,11.7
2026-01-06 23:00,Zone_A,406.0,47.0,8.9,72.7,38.7
2026-01-06 23:00,Zone_B,432.0,66.0,4.3,70.2,19.4
2026-01-06 23:00,Zone_C,473.6,65.3,5.8,75.6,12.7
2026-01-07 00:00,Zone_A,411.7,46.2,-1.3,87.5,39.1
2026-01-07 00:00,Zone_B,430.1,65.1,-2,94.2,20.3
2026-01-07 00:00,Zone_C,482.1,67.8,-0.1,82.0,12.2
2026-01-07 01:00,Zone_A,406.8,45.6,-0.3,79.2,38.2
2026-01-07 01:00,Zone_B,415.9,62.4,-0.7,89.9,20.5
2026-01-07 01:00,Zone_C,467.0,65.1,-0.0,85.8,11.7
2026-01-07 02:00,Zone_A,402.3,44.7,0.2,88.1,36.3
2026-01-07 02:00,Zone_B,426.2,65.6,-0.2,77.3,20.9
2026-01-07 02:00,Zone_C,473.9,65.2,-1.1,78.6,11.9
2026-01-07 03:00,Zone_A,401.7,44.5,3.2,79.6,37.8
2026-01-07 03:00,Zone_B,435.8,65.7,2.0,83.5,20.2
2026-01-07 03:00,Zone_C,468.6,69.9,1.5,86.1,11.2
2026-01-07 04:00,Zone_A,404.8,46.4,4.2,72.4,37.1
2026-01-07 04:00,Zone_B,430.2,63.6,4.6,73.1,20.9
2026-01-07 04:00,Zone_C,463.1,68.7,2.5,90.7,12.8
2026-01-07 05:00,Zone_A,411.6,44.9,8.0,76.4,36.7
2026-01-07 05:00,Zone_B,441.4,65.3,4.8,72.5,18.9
2026-01-07 05:00,Zone_C,451.4,68.4,5.5,68.7,11.8
2026-01-07 06:00,Zone_A,408.9,43.8,8.3,65.0,39.4
2026-01-07 06:00,Zone_B,443.2,66.1,11.3,81.0,20.1
2026-01-07 06:00,Zone_C,466.6,71.7,10.6,71.6,11.0
2026-01-07 07:00,Zone_A,419.4,50.2,11.3,67.9,38.3
2026-01-07 07:00,Zone_B,459.3,70.3,9.8,60.6,19.9
2026-01-07 07:00,Zone_C,472.0,71.7,8.0,64.7,12.1
2026-01-07 08:00,Zone_A,418.5,48.4,10.7,61.9,39.3
2026-01-07 08:00,Zone_B,465.7,74.7,12.1,60.5,18.8
2026-01-07 08:00,Zone_C,457.6,70.2,10.3,59.2,11.3
2026-01-07 09:00,Zone_A,424.0,51.0,9.5,59.8,39.2
2026-01-07 09:00,Zone_B,464.1,72.7,14.0,57.0,20.5
2026-01-07 09:00,Zone_C,463.0,73.4,12.3,55.8,12.5
2026-01-07 10:00,Zone_A,412.0,50.0,14.5,61.3,38.4
2026-01-07 10:00,Zone_B,453.7,71.7,15.7,64.9,18.6
2026-01-07 10:00,Zone_C,467.3,71.3,12.1,51.5,12.1
2026-01-07 11:00,Zone_A,411.6,48.7,14.7,54.7,36.8
2026-01-07 11:00,Zone_B,427.0,67.8,16.5,58.4,21.5
2026-01-07 11:00,Zone_C,460.3,71.6,15.8,47.1,12.1
2026-01-07 12:00,Zone_A,406.8,47.9,15.8,47.1,36.1
2026-01-07 12:00,Zone_B,430.0,63.8,18.1,50.3,19.9
2026-01-07 12:00,Zone_C,449.9,69.0,18.0,45.1,11.2
2026-01-07 13:00,Zone_A,412.0,48.0,18.6,47.0,37.7
2026-01-07 13:00,Zone_B,439.6,66.4,18.9,52.7,21.3
2026-01-07 13:00,Zone_C,449.0,69.4,16.8,53.2,12.9
2026-01-07 14:00,Zone_A,415.6,44.5,18.0,43.4,37.9
2026-01-07 14:00,Zone_B,439.5,67.9,16.6,53.2,21.4
2026-01-07 14:00,Zone_C,440.7,72.3,18.0,56.4,11.7
2026-01-07 15:00,Zone_A,412.8,46.6,19.2,49.4,36.2
2026-01-07 15:00,Zone_B,454.5,68.9,19.5,50.4,21.2
2026-01-07 15:00,Zone_C,461.7,71.1,15.5,44.9,11.9
2026-01-07 16:00,Zone_A,416.9,48.4,17.1,45.1,36.7
2026-01-07 16:00,Zone_B,465.3,76.8,15.4,54.4,19.0
2026-01-07 16:00,Zone_C,454.7,68.6,16.2,52.6,12.3
2026-01-07 17:00,Zone_A,420.1,50.4,16.3,53.1,37.8
2026-01-07 17:00,Zone_B,470.7,74.8,16.5,47.2,19.7
2026-01-07 17:00,Zone_C,460.6,69.9,15.7,49.3,12.4
2026-01-07 18:00,Zone_A,417.4,49.4,16.7,56.2,37.3
2026-01-07 18:00,Zone_B,468.8,72.4,14.7,57.5,21.0
2026-01-07 18:00,Zone_C,464.0,66.5,14.4,66.5,12.7
2026-01-07 19:00,Zone_A,419.4,51.1,12.0,56.4,37.1
2026-01-07 19:00,Zone_B,460.3,71.9,13.9,60.2,21.0
2026-01-07 19:00,Zone_C,459.5,70.8,11.5,44.9,11.1
2026-01-07 20:00,Zone_A,414.9,48.7,9.6,53.1,39.8
2026-01-07 20:00,Zone_B,454.0,75.0,10.4,63.3,18.7
2026-01-07 20:00,Zone_C,466.6,71.0,12.8,62.5,12.3
2026-01-07 21:00,Zone_A,405.6,47.0,11.0,67.8,37.9
2026-01-07 21:00,Zone_B,442.9,68.2,8.2,62.2,20.1
2026-01-07 21:00,Zone_C,480.4,67.1,8.6,73.8,11.7
2026-01-07 22:00,Zone_A,407.4,46.6,8.5,70.9,36.7
2026-01-07 22:00,Zone_B,441.7,67.7,6.8,71.5,19.4
2026-01-07 22:00,Zone_C,464.6,68.0,10.1,74.7,11.6
2026-01-07 23:00,Zone_A,408.2,46.1,7.6,69.1,39.9
2026-01-07 23:00,Zone_B,433.2,64.9,7.7,77.9,18.7
2026-01-07 23:00,Zone_C,476.9,66.3,3.9,77.7,11.1
