timestamp,zone,vehicle_count,avg_speed_kmh,congestion_level,incidents,road_id,lat,lng
2026-01-01 00:00,Zone_A,141,52.4,low,0,RA-103,40.719419,-74.00094
2026-01-01 00:00,Zone_B,274,50.4,medium,0,RB-201,40.712832,-74.008841
2026-01-01 00:00,Zone_C,107,38.8,low,0,RC-301,40.703669,-74.008784
2026-01-01 01:00,Zone_A,130,50.2,low,0,RA-101,40.71702,-74.004444
2026-01-01 01:00,Zone_B,204,51.9,low,0,RB-202,40.712557,-74.008251
2026-01-01 01:00,Zone_C,130,45.0,low,0,RC-301,40.70417,-74.012846
2026-01-01 02:00,Zone_A,150,54.8,low,0,RA-102,40.716397,-74.004394
2026-01-01 02:00,Zone_B,147,51.5,low,0,RB-203,40.713821,-74.004789
2026-01-01 02:00,Zone_C,105,40.9,low,0,RC-303,40.70298,-74.011723
2026-01-01 03:00,Zone_A,124,51.5,low,0,RA-102,40.715336,-74.000069
2026-01-01 03:00,Zone_B,206,50.0,low,0,RB-202,40.714107,-74.007724
2026-01-01 03:00,Zone_C,97,48.3,low,0,RC-302,40.70348,-74.010632
2026-01-01 04:00,Zone_A,134,49.6,low,0,RA-102,40.720984,-74.00417
2026-01-01 04:00,Zone_B,234,49.4,low,0,RB-201,40.714552,-74.006467
2026-01-01 04:00,Zone_C,130,46.7,low,0,RC-303,40.705319,-74.008345
2026-01-01 05:00,Zone_A,144,46.6,low,0,RA-102,40.718846,-74.004331
2026-01-01 05:00,Zone_B,251,47.5,medium,0,RB-203,40.715631,-74.004428
2026-01-01 05:00,Zone_C,214,39.8,low,0,RC-301,40.705654,-74.013083
2026-01-01 06:00,Zone_A,187,44.7,low,2,RA-102,40.716945,-74.004883
2026-01-01 06:00,Zone_B,426,33.4,medium,0,RB-201,40.715068,-74.003318
2026-01-01 06:00,Zone_C,232,32.3,low,0,RC-303,40.702755,-74.010041
2026-01-01 07:00,Zone_A,319,44.7,medium,0,RA-103,40.720573,-74.000468
2026-01-01 07:00,Zone_B,500,37.2,high,0,RB-201,40.712429,-74.005895
2026-01-01 07:00,Zone_C,295,34.0,medium,1,RC-303,40.705531,-74.013957
2026-01-01 08:00,Zone_A,362,32.8,medium,0,RA-103,40.715425,-74.003572
2026-01-01 08:00,Zone_B,552,27.1,high,0,RB-202,40.713257,-74.007542
2026-01-01 08:00,Zone_C,356,26.4,medium,0,RC-303,40.704541,-74.011198
2026-01-01 09:00,Zone_A,409,36.8,medium,0,RA-101,40.719369,-74.000196
2026-01-01 09:00,Zone_B,602,29.8,high,0,RB-201,40.711471,-74.007501
2026-01-01 09:00,Zone_C,341,30.3,medium,0,RC-301,40.707996,-74.008984
2026-01-01 10:00,Zone_A,347,37.0,medium,0,RA-101,40.716282,-74.002594
2026-01-01 10:00,Zone_B,491,33.3,high,0,RB-203,40.714511,-74.007289
2026-01-01 10:00,Zone_C,434,30.3,medium,0,RC-301,40.702929,-74.01222
2026-01-01 11:00,Zone_A,202,43.9,low,0,RA-103,40.718505,-74.001983
2026-01-01 11:00,Zone_B,430,50.5,medium,0,RB-201,40.71337,-74.004949
2026-01-01 11:00,Zone_C,311,41.8,medium,0,RC-303,40.702238,-74.013508
2026-01-01 12:00,Zone_A,170,46.5,low,0,RA-102,40.719297,-74.003568
2026-01-01 12:00,Zone_B,359,48.2,medium,0,RB-203,40.715414,-74.008944
2026-01-01 12:00,Zone_C,398,39.9,medium,0,RC-301,40.703591,-74.0084
2026-01-01 13:00,Zone_A,216,46.1,low,0,RA-103,40.719221,-74.00133
2026-01-01 13:00,Zone_B,266,41.4,medium,0,RB-202,40.710422,-74.003731
2026-01-01 13:00,Zone_C,321,40.8,medium,0,RC-301,40.705629,-74.009694
2026-01-01 14:00,Zone_A,211,39.0,low,0,RA-103,40.720449,-74.004695
2026-01-01 14:00,Zone_B,346,41.7,medium,1,RB-203,40.713623,-74.007428
2026-01-01 14:00,Zone_C,270,39.4,medium,0,RC-301,40.70767,-74.009854
2026-01-01 15:00,Zone_A,244,39.4,low,0,RA-101,40.715765,-74.00315
2026-01-01 15:00,Zone_B,490,32.3,high,0,RB-202,40.714481,-74.003695
2026-01-01 15:00,Zone_C,322,33.0,medium,0,RC-301,40.702975,-74.009201
2026-01-01 16:00,Zone_A,367,35.2,medium,0,RA-103,40.720585,-74.000187
2026-01-01 16:00,Zone_B,596,23.9,high,0,RB-201,40.715033,-74.003848
2026-01-01 16:00,Zone_C,299,35.4,medium,0,RC-303,40.707228,-74.012662
2026-01-01 17:00,Zone_A,424,34.9,medium,0,RA-102,40.716675,-74.001151
2026-01-01 17:00,Zone_B,634,14.0,high,0,RB-203,40.715062,-74.007433
2026-01-01 17:00,Zone_C,292,25.0,medium,0,RC-303,40.706371,-74.012118
2026-01-01 18:00,Zone_A,428,31.4,medium,0,RA-103,40.715266,-74.002384
2026-01-01 18:00,Zone_B,712,19.9,critical,0,RB-201,40.713824,-74.006815
2026-01-01 18:00,Zone_C,297,23.4,medium,0,RC-303,40.702748,-74.0086
2026-01-01 19:00,Zone_A,354,39.6,medium,0,RA-102,40.715764,-74.002477
2026-01-01 19:00,Zone_B,546,17.9,high,0,RB-202,40.713088,-74.008998
2026-01-01 19:00,Zone_C,226,34.1,low,0,RC-303,40.704651,-74.009946
2026-01-01 20:00,Zone_A,237,43.0,low,0,RA-103,40.715509,-74.001907
2026-01-01 20:00,Zone_B,455,32.8,high,0,RB-201,40.711663,-74.004161
2026-01-01 20:00,Zone_C,194,34.2,low,0,RC-303,40.702437,-74.011513
2026-01-01 21:00,Zone_A,195,43.4,low,0,RA-101,40.715885,-74.000874
2026-01-01 21:00,Zone_B,379,36.4,medium,0,RB-201,40.712587,-74.005656
2026-01-01 21:00,Zone_C,115,39.2,low,0,RC-302,40.705573,-74.0083
2026-01-01 22:00,Zone_A,166,44.8,low,0,RA-103,40.718287,-73.999617
2026-01-01 22:00,Zone_B,349,38.8,medium,0,RB-202,40.711464,-74.004334
2026-01-01 22:00,Zone_C,121,38.2,low,0,RC-303,40.70363,-74.012082
2026-01-01 23:00,Zone_A,195,51.2,low,0,RA-102,40.716284,-74.002511
2026-01-01 23:00,Zone_B,258,42.9,medium,0,RB-203,40.715229,-74.005496
2026-01-01 23:00,Zone_C,166,41.6,low,0,RC-302,40.707656,-74.012208
2026-01-02 00:00,Zone_A,182,45.2,low,0,RA-101,40.718277,-74.00138
2026-01-02 00:00,Zone_B,207,48.0,low,0,RB-203,40.713813,-74.004211
2026-01-02 00:00,Zone_C,125,46.3,low,0,RC-303,40.702162,-74.011636
2026-01-02 01:00,Zone_A,132,52.2,low,0,RA-102,40.71609,-74.003439
2026-01-02 01:00,Zone_B,236,52.7,low,0,RB-202,40.714312,-74.004008
2026-01-02 01:00,Zone_C,127,40.9,low,0,RC-301,40.707712,-74.012655
2026-01-02 02:00,Zone_A,140,48.3,low,0,RA-101,40.716196,-74.004878
2026-01-02 02:00,Zone_B,223,54.5,low,0,RB-202,40.71259,-74.007463
2026-01-02 02:00,Zone_C,134,47.7,low,0,RC-301,40.706916,-74.008212
2026-01-02 03:00,Zone_A,81,49.7,low,0,RA-101,40.717252,-73.999351
2026-01-02 03:00,Zone_B,272,52.4,medium,0,RB-203,40.714435,-74.003898
2026-01-02 03:00,Zone_C,144,39.2,low,0,RC-301,40.705196,-74.010031
2026-01-02 04:00,Zone_A,112,53.7,low,0,RA-103,40.715633,-73.999235
2026-01-02 04:00,Zone_B,258,45.1,medium,0,RB-203,40.71293,-74.005097
2026-01-02 04:00,Zone_C,159,40.5,low,0,RC-301,40.706386,-74.01239
2026-01-02 05:00,Zone_A,156,51.0,low,0,RA-102,40.717788,-74.001338
2026-01-02 05:00,Zone_B,225,52.1,low,0,RB-202,40.711929,-74.00745
2026-01-02 05:00,Zone_C,202,39.8,low,0,RC-303,40.707688,-74.013486
2026-01-02 06:00,Zone_A,202,49.2,low,0,RA-101,40.719271,-74.002311
2026-01-02 06:00,Zone_B,395,41.9,medium,0,RB-203,40.713289,-74.00616
2026-01-02 06:00,Zone_C,198,46.2,low,0,RC-301,40.704722,-74.01216
2026-01-02 07:00,Zone_A,315,42.3,medium,0,RA-101,40.719573,-74.003889
2026-01-02 07:00,Zone_B,487,29.1,high,0,RB-201,40.713381,-74.003117
2026-01-02 07:00,Zone_C,289,35.6,medium,0,RC-301,40.702759,-74.013727
2026-01-02 08:00,Zone_A,338,32.9,medium,0,RA-103,40.717945,-73.999764
2026-01-02 08:00,Zone_B,592,32.1,high,0,RB-201,40.711315,-74.00383
2026-01-02 08:00,Zone_C,361,25.5,medium,0,RC-303,40.702322,-74.013105
2026-01-02 09:00,Zone_A,384,34.4,medium,0,RA-103,40.717497,-74.001423
2026-01-02 09:00,Zone_B,609,32.5,high,0,RB-202,40.714961,-74.00306
2026-01-02 09:00,Zone_C,372,27.8,medium,0,RC-302,40.706576,-74.010247
2026-01-02 10:00,Zone_A,296,38.5,medium,0,RA-103,40.715016,-74.002297
2026-01-02 10:00,Zone_B,480,33.3,high,0,RB-201,40.714958,-74.008573
2026-01-02 10:00,Zone_C,402,30.5,medium,0,RC-303,40.707602,-74.011449
2026-01-02 11:00,Zone_A,232,48.5,low,0,RA-103,40.715358,-74.000244
2026-01-02 11:00,Zone_B,373,33.3,medium,0,RB-202,40.713932,-74.004802
2026-01-02 11:00,Zone_C,327,37.7,medium,0,RC-302,40.704592,-74.012066
2026-01-02 12:00,Zone_A,214,49.4,low,0,RA-103,40.718523,-74.004876
2026-01-02 12:00,Zone_B,343,37.1,medium,0,RB-202,40.712914,-74.006347
2026-01-02 12:00,Zone_C,342,43.6,medium,0,RC-302,40.702547,-74.011912
2026-01-02 13:00,Zone_A,193,50.5,low,0,RA-102,40.717973,-74.001024
2026-01-02 13:00,Zone_B,344,36.9,medium,0,RB-202,40.71174,-74.003179
2026-01-02 13:00,Zone_C,339,35.6,medium,1,RC-303,40.704772,-74.013675
2026-01-02 14:00,Zone_A,203,51.4,low,0,RA-102,40.716221,-74.001705
2026-01-02 14:00,Zone_B,317,42.7,medium,0,RB-201,40.713453,-74.007564
2026-01-02 14:00,Zone_C,298,38.2,medium,0,RC-301,40.707048,-74.013319
2026-01-02 15:00,Zone_A,281,39.7,medium,0,RA-102,40.719232,-74.002507
2026-01-02 15:00,Zone_B,498,33.9,high,0,RB-201,40.715331,-74.005951
2026-01-02 15:00,Zone_C,300,32.0,medium,0,RC-301,40.707605,-74.010954
2026-01-02 16:00,Zone_A,359,39.1,medium,0,RA-103,40.717938,-74.004108
2026-01-02 16:00,Zone_B,548,28.0,high,0,RB-203,40.715397,-74.003782
2026-01-02 16:00,Zone_C,287,31.9,medium,0,RC-302,40.703909,-74.011162
2026-01-02 17:00,Zone_A,388,35.5,medium,0,RA-103,40.717972,-74.004778
2026-01-02 17:00,Zone_B,703,21.7,critical,0,RB-201,40.710398,-74.003537
2026-01-02 17:00,Zone_C,273,22.5,medium,0,RC-302,40.704817,-74.008185
2026-01-02 18:00,Zone_A,398,28.8,medium,1,RA-102,40.719046,-74.001798
2026-01-02 18:00,Zone_B,609,15.2,high,0,RB-203,40.713505,-74.007591
2026-01-02 18:00,Zone_C,315,20.6,medium,0,RC-301,40.702591,-74.010198
2026-01-02 19:00,Zone_A,327,37.9,medium,0,RA-102,40.719777,-74.00324
2026-01-02 19:00,Zone_B,557,29.2,high,0,RB-203,40.71088,-74.00795
2026-01-02 19:00,Zone_C,237,26.0,low,0,RC-302,40.702859,-74.011233
2026-01-02 20:00,Zone_A,254,43.1,medium,0,RA-101,40.716726,-74.00172
2026-01-02 20:00,Zone_B,434,36.0,medium,0,RB-202,40.712346,-74.007499
2026-01-02 20:00,Zone_C,185,36.6,low,0,RC-303,40.705432,-74.010551
2026-01-02 21:00,Zone_A,211,56.9,low,0,RA-103,40.718396,-74.000885
2026-01-02 21:00,Zone_B,461,38.0,high,0,RB-201,40.715218,-74.004346
2026-01-02 21:00,Zone_C,135,36.0,low,0,RC-303,40.706067,-74.009674
2026-01-02 22:00,Zone_A,190,47.0,low,0,RA-101,40.715237,-74.000268
2026-01-02 22:00,Zone_B,264,39.0,medium,0,RB-201,40.714285,-74.007946
2026-01-02 22:00,Zone_C,142,34.0,low,0,RC-302,40.703635,-74.013013
2026-01-02 23:00,Zone_A,203,49.4,low,0,RA-101,40.71781,-74.004548
2026-01-02 23:00,Zone_B,339,38.1,medium,0,RB-202,40.714628,-74.006805
2026-01-02 23:00,Zone_C,150,41.2,low,0,RC-303,40.706034,-74.010493
2026-01-03 00:00,Zone_A,155,52.3,low,0,RA-103,40.720305,-74.001632
2026-01-03 00:00,Zone_B,241,49.5,low,0,RB-201,40.711613,-74.00655
2026-01-03 00:00,Zone_C,119,43.6,low,0,RC-302,40.703409,-74.010775
2026-01-03 01:00,Zone_A,101,55.3,low,0,RA-101,40.717515,-74.000546
2026-01-03 01:00,Zone_B,271,43.6,medium,0,RB-203,40.715434,-74.007322
2026-01-03 01:00,Zone_C,100,46.2,low,0,RC-303,40.702596,-74.009886
2026-01-03 02:00,Zone_A,162,50.6,low,0,RA-102,40.720809,-73.999306
2026-01-03 02:00,Zone_B,243,50.7,low,0,RB-201,40.710103,-74.006999
2026-01-03 02:00,Zone_C,124,42.2,low,0,RC-301,40.705518,-74.009122
2026-01-03 03:00,Zone_A,124,56.1,low,2,RA-101,40.72015,-74.004132
2026-01-03 03:00,Zone_B,149,46.7,low,0,RB-201,40.710591,-74.006851
2026-01-03 03:00,Zone_C,129,43.9,low,0,RC-301,40.704526,-74.013318
2026-01-03 04:00,Zone_A,92,54.8,low,0,RA-101,40.718023,-73.999328
2026-01-03 04:00,Zone_B,211,37.8,low,0,RB-202,40.71366,-74.008813
2026-01-03 04:00,Zone_C,163,41.4,low,0,RC-302,40.704661,-74.008604
2026-01-03 05:00,Zone_A,144,51.6,low,0,RA-103,40.71829,-74.003049
2026-01-03 05:00,Zone_B,206,46.1,low,0,RB-203,40.714011,-74.003883
2026-01-03 05:00,Zone_C,197,40.3,low,0,RC-302,40.707329,-74.011517
2026-01-03 06:00,Zone_A,196,50.2,low,0,RA-103,40.716529,-73.999278
2026-01-03 06:00,Zone_B,385,39.1,medium,0,RB-201,40.710379,-74.004567
2026-01-03 06:00,Zone_C,211,36.4,low,0,RC-303,40.702733,-74.011878
2026-01-03 07:00,Zone_A,328,39.0,medium,0,RA-101,40.716726,-74.003125
2026-01-03 07:00,Zone_B,465,31.4,high,0,RB-202,40.710449,-74.003928
2026-01-03 07:00,Zone_C,307,34.5,medium,0,RC-303,40.705366,-74.009395
2026-01-03 08:00,Zone_A,347,31.1,medium,1,RA-101,40.719977,-74.003395
2026-01-03 08:00,Zone_B,592,34.9,high,0,RB-203,40.710888,-74.00814
2026-01-03 08:00,Zone_C,343,29.2,medium,0,RC-302,40.706477,-74.012709
2026-01-03 09:00,Zone_A,360,35.6,medium,0,RA-101,40.720648,-74.001423
2026-01-03 09:00,Zone_B,639,33.5,high,1,RB-203,40.712459,-74.006456
2026-01-03 09:00,Zone_C,364,29.1,medium,0,RC-303,40.704579,-74.012301
2026-01-03 10:00,Zone_A,278,37.8,medium,0,RA-101,40.720907,-74.004671
2026-01-03 10:00,Zone_B,481,36.3,high,0,RB-203,40.711769,-74.008954
2026-01-03 10:00,Zone_C,361,33.6,medium,0,RC-302,40.705352,-74.009992
2026-01-03 11:00,Zone_A,275,49.8,medium,1,RA-103,40.720527,-73.999827
2026-01-03 11:00,Zone_B,337,42.0,medium,0,RB-201,40.71223,-74.003203
2026-01-03 11:00,Zone_C,359,33.8,medium,0,RC-301,40.702529,-74.008933
2026-01-03 12:00,Zone_A,173,50.6,low,0,RA-101,40.719475,-74.003671
2026-01-03 12:00,Zone_B,370,46.2,medium,0,RB-203,40.714457,-74.006893
2026-01-03 12:00,Zone_C,337,38.0,medium,0,RC-303,40.705614,-74.009439
2026-01-03 13:00,Zone_A,253,53.2,medium,0,RA-103,40.718382,-74.001523
2026-01-03 13:00,Zone_B,370,39.8,medium,0,RB-201,40.714985,-74.005237
2026-01-03 13:00,Zone_C,293,41.1,medium,0,RC-301,40.705549,-74.011888
2026-01-03 14:00,Zone_A,220,50.3,low,0,RA-101,40.71546,-73.999814
2026-01-03 14:00,Zone_B,339,35.9,medium,0,RB-202,40.714551,-74.003625
2026-01-03 14:00,Zone_C,321,35.6,medium,0,RC-302,40.705008,-74.008254
2026-01-03 15:00,Zone_A,332,46.8,medium,0,RA-101,40.718027,-74.003965
2026-01-03 15:00,Zone_B,436,19.5,medium,0,RB-202,40.711983,-74.003492
2026-01-03 15:00,Zone_C,274,35.3,medium,0,RC-301,40.705884,-74.013605
2026-01-03 16:00,Zone_A,340,34.4,medium,0,RA-101,40.720786,-74.001384
2026-01-03 16:00,Zone_B,557,33.3,high,0,RB-202,40.715606,-74.004809
2026-01-03 16:00,Zone_C,307,32.4,medium,0,RC-301,40.705861,-74.012029
2026-01-03 17:00,Zone_A,393,25.0,medium,0,RA-102,40.718158,-74.001124
2026-01-03 17:00,Zone_B,660,22.6,critical,0,RB-201,40.71185,-74.004403
2026-01-03 17:00,Zone_C,278,27.1,medium,1,RC-303,40.702607,-74.009375
2026-01-03 18:00,Zone_A,421,30.9,medium,0,RA-101,40.715786,-74.00274
2026-01-03 18:00,Zone_B,693,29.7,critical,0,RB-202,40.714127,-74.008738
2026-01-03 18:00,Zone_C,248,23.5,low,0,RC-303,40.706491,-74.011306
2026-01-03 19:00,Zone_A,367,46.1,medium,0,RA-103,40.716164,-74.00093
2026-01-03 19:00,Zone_B,628,27.0,high,0,RB-201,40.712965,-74.003202
2026-01-03 19:00,Zone_C,221,27.4,low,0,RC-301,40.707245,-74.010673
2026-01-03 20:00,Zone_A,282,36.9,medium,0,RA-103,40.715962,-74.002304
2026-01-03 20:00,Zone_B,494,38.6,high,0,RB-201,40.712507,-74.006902
2026-01-03 20:00,Zone_C,162,35.3,low,0,RC-302,40.70249,-74.012653
2026-01-03 21:00,Zone_A,273,43.1,medium,0,RA-102,40.715826,-74.003279
2026-01-03 21:00,Zone_B,367,37.3,medium,0,RB-202,40.709832,-74.008525
2026-01-03 21:00,Zone_C,152,39.4,low,0,RC-301,40.70454,-74.009343
2026-01-03 22:00,Zone_A,194,50.1,low,0,RA-102,40.717743,-74.004335
2026-01-03 22:00,Zone_B,315,42.4,medium,0,RB-203,40.710661,-74.006425
2026-01-03 22:00,Zone_C,117,43.1,low,0,RC-303,40.705141,-74.011836
2026-01-03 23:00,Zone_A,140,48.1,low,0,RA-102,40.72024,-74.004739
2026-01-03 23:00,Zone_B,329,43.8,medium,1,RB-203,40.711869,-74.004602
2026-01-03 23:00,Zone_C,146,43.3,low,0,RC-303,40.704114,-74.011969
2026-01-04 00:00,Zone_A,164,59.2,low,0,RA-101,40.71879,-74.000131
2026-01-04 00:00,Zone_B,218,36.0,low,0,RB-202,40.714547,-74.003685
2026-01-04 00:00,Zone_C,135,41.9,low,0,RC-301,40.70352,-74.00948
2026-01-04 01:00,Zone_A,126,61.4,low,0,RA-102,40.716639,-74.000204
2026-01-04 01:00,Zone_B,278,43.1,medium,0,RB-202,40.715642,-74.006023
2026-01-04 01:00,Zone_C,91,47.8,low,0,RC-301,40.704547,-74.011416
2026-01-04 02:00,Zone_A,111,53.0,low,0,RA-102,40.716839,-74.001384
2026-01-04 02:00,Zone_B,242,53.5,low,0,RB-202,40.71527,-74.005311
2026-01-04 02:00,Zone_C,112,52.4,low,0,RC-303,40.705825,-74.01182
2026-01-04 03:00,Zone_A,105,45.2,low,0,RA-101,40.719688,-74.004791
2026-01-04 03:00,Zone_B,223,56.1,low,0,RB-202,40.709994,-74.008079
2026-01-04 03:00,Zone_C,151,43.3,low,0,RC-303,40.705177,-74.011612
2026-01-04 04:00,Zone_A,123,63.8,low,0,RA-101,40.718106,-73.999519
2026-01-04 04:00,Zone_B,221,52.5,low,0,RB-202,40.711513,-74.003501
2026-01-04 04:00,Zone_C,154,45.5,low,0,RC-303,40.70628,-74.008016
2026-01-04 05:00,Zone_A,223,50.2,low,0,RA-102,40.7183,-74.003258
2026-01-04 05:00,Zone_B,286,40.8,medium,0,RB-201,40.714562,-74.005947
2026-01-04 05:00,Zone_C,214,42.4,low,0,RC-302,40.704165,-74.010566
2026-01-04 06:00,Zone_A,239,41.6,low,0,RA-103,40.716856,-73.999002
2026-01-04 06:00,Zone_B,331,40.6,medium,0,RB-201,40.710552,-74.007098
2026-01-04 06:00,Zone_C,207,39.2,low,0,RC-301,40.706682,-74.010161
2026-01-04 07:00,Zone_A,305,38.4,medium,0,RA-102,40.719988,-74.001891
2026-01-04 07:00,Zone_B,508,36.9,high,0,RB-201,40.715445,-74.00363
2026-01-04 07:00,Zone_C,294,37.2,medium,0,RC-303,40.703817,-74.010799
2026-01-04 08:00,Zone_A,353,30.7,medium,0,RA-102,40.718747,-73.999588
2026-01-04 08:00,Zone_B,630,21.2,high,0,RB-203,40.710073,-74.005151
2026-01-04 08:00,Zone_C,351,30.3,medium,0,RC-303,40.702182,-74.008666
2026-01-04 09:00,Zone_A,359,44.6,medium,0,RA-101,40.71911,-74.003215
2026-01-04 09:00,Zone_B,593,23.8,high,0,RB-203,40.711841,-74.008138
2026-01-04 09:00,Zone_C,354,36.3,medium,0,RC-301,40.706564,-74.01091
2026-01-04 10:00,Zone_A,292,44.5,medium,0,RA-102,40.715581,-74.003259
2026-01-04 10:00,Zone_B,517,29.1,high,0,RB-203,40.714681,-74.003397
2026-01-04 10:00,Zone_C,358,37.6,medium,0,RC-301,40.704993,-74.012149
2026-01-04 11:00,Zone_A,251,48.4,medium,0,RA-102,40.7185,-74.004708
2026-01-04 11:00,Zone_B,291,40.2,medium,0,RB-202,40.71302,-74.003917
2026-01-04 11:00,Zone_C,361,39.5,medium,0,RC-303,40.702271,-74.013693
2026-01-04 12:00,Zone_A,207,53.7,low,0,RA-103,40.719586,-74.003322
2026-01-04 12:00,Zone_B,312,40.7,medium,0,RB-202,40.714569,-74.006965
2026-01-04 12:00,Zone_C,332,38.0,medium,0,RC-302,40.702272,-74.013178
2026-01-04 13:00,Zone_A,209,44.2,low,0,RA-102,40.715839,-73.999412
2026-01-04 13:00,Zone_B,388,55.8,medium,0,RB-203,40.711818,-74.00403
2026-01-04 13:00,Zone_C,288,40.1,medium,0,RC-302,40.703987,-74.013342
2026-01-04 14:00,Zone_A,192,42.7,low,0,RA-103,40.71516,-74.002152
2026-01-04 14:00,Zone_B,388,31.3,medium,0,RB-203,40.713301,-74.007977
2026-01-04 14:00,Zone_C,293,32.6,medium,0,RC-303,40.703453,-74.010565
2026-01-04 15:00,Zone_A,293,42.1,medium,0,RA-103,40.719143,-74.002538
2026-01-04 15:00,Zone_B,539,29.5,high,0,RB-202,40.710628,-74.007756
2026-01-04 15:00,Zone_C,312,33.8,medium,0,RC-303,40.704758,-74.010801
2026-01-04 16:00,Zone_A,337,41.2,medium,0,RA-101,40.71916,-74.00134
2026-01-04 16:00,Zone_B,615,26.5,high,0,RB-203,40.715694,-74.004373
2026-01-04 16:00,Zone_C,294,33.5,medium,0,RC-302,40.707602,-74.009228
2026-01-04 17:00,Zone_A,408,36.7,medium,0,RA-101,40.717367,-74.002929
2026-01-04 17:00,Zone_B,659,26.7,critical,0,RB-202,40.712454,-74.007461
2026-01-04 17:00,Zone_C,285,31.0,medium,0,RC-303,40.70363,-74.013345
2026-01-04 18:00,Zone_A,400,30.1,medium,0,RA-102,40.718828,-74.004685
2026-01-04 18:00,Zone_B,646,27.6,high,0,RB-201,40.715587,-74.003133
2026-01-04 18:00,Zone_C,215,29.4,low,0,RC-302,40.703197,-74.008217
2026-01-04 19:00,Zone_A,361,37.1,medium,0,RA-101,40.716393,-74.000568
2026-01-04 19:00,Zone_B,605,26.0,high,0,RB-202,40.715318,-74.003017
2026-01-04 19:00,Zone_C,221,27.1,low,0,RC-302,40.703737,-74.013775
2026-01-04 20:00,Zone_A,279,40.8,medium,0,RA-102,40.720935,-74.00174
2026-01-04 20:00,Zone_B,485,32.6,high,0,RB-203,40.714653,-74.007016
2026-01-04 20:00,Zone_C,164,34.4,low,0,RC-301,40.706745,-74.010593
2026-01-04 21:00,Zone_A,252,53.3,medium,0,RA-103,40.718092,-74.00448
2026-01-04 21:00,Zone_B,467,47.8,high,0,RB-202,40.709841,-74.006699
2026-01-04 21:00,Zone_C,151,30.3,low,0,RC-303,40.702069,-74.010078
2026-01-04 22:00,Zone_A,199,54.9,low,0,RA-103,40.719116,-73.999461
2026-01-04 22:00,Zone_B,328,35.3,medium,0,RB-201,40.712005,-74.007675
2026-01-04 22:00,Zone_C,111,40.4,low,0,RC-303,40.706212,-74.008523
2026-01-04 23:00,Zone_A,197,43.0,low,0,RA-103,40.718575,-74.000276
2026-01-04 23:00,Zone_B,239,46.8,low,0,RB-203,40.710171,-74.005714
2026-01-04 23:00,Zone_C,132,44.4,low,0,RC-303,40.704651,-74.009918
2026-01-05 00:00,Zone_A,135,52.2,low,0,RA-102,40.717721,-74.001921
2026-01-05 00:00,Zone_B,191,45.2,low,0,RB-201,40.709931,-74.007473
2026-01-05 00:00,Zone_C,113,39.4,low,0,RC-301,40.702383,-74.008035
2026-01-05 01:00,Zone_A,165,53.2,low,0,RA-103,40.715813,-74.001151
2026-01-05 01:00,Zone_B,202,44.2,low,0,RB-202,40.715018,-74.003559
2026-01-05 01:00,Zone_C,160,47.6,low,0,RC-303,40.707162,-74.013288
2026-01-05 02:00,Zone_A,122,55.3,low,0,RA-102,40.719537,-73.999129
2026-01-05 02:00,Zone_B,197,43.2,low,0,RB-202,40.711285,-74.006923
2026-01-05 02:00,Zone_C,136,49.8,low,0,RC-301,40.705961,-74.01031
2026-01-05 03:00,Zone_A,132,55.6,low,0,RA-101,40.719032,-73.999767
2026-01-05 03:00,Zone_B,215,43.9,low,0,RB-203,40.714982,-74.008661
2026-01-05 03:00,Zone_C,147,44.1,low,0,RC-302,40.705465,-74.009365
2026-01-05 04:00,Zone_A,139,61.9,low,0,RA-103,40.717481,-74.003349
2026-01-05 04:00,Zone_B,302,45.3,medium,0,RB-202,40.712363,-74.006026
2026-01-05 04:00,Zone_C,178,42.4,low,0,RC-302,40.704498,-74.013105
2026-01-05 05:00,Zone_A,163,57.1,low,0,RA-102,40.720145,-74.004134
2026-01-05 05:00,Zone_B,293,43.8,medium,0,RB-201,40.710605,-74.007543
2026-01-05 05:00,Zone_C,175,44.0,low,0,RC-301,40.705214,-74.009024
2026-01-05 06:00,Zone_A,224,52.3,low,0,RA-103,40.716129,-74.00043
2026-01-05 06:00,Zone_B,359,36.9,medium,0,RB-201,40.711619,-74.003546
2026-01-05 06:00,Zone_C,283,34.9,medium,0,RC-303,40.704874,-74.012544
2026-01-05 07:00,Zone_A,296,36.6,medium,0,RA-103,40.716698,-74.002202
2026-01-05 07:00,Zone_B,470,36.1,high,0,RB-202,40.710392,-74.003112
2026-01-05 07:00,Zone_C,296,30.3,medium,0,RC-303,40.702274,-74.008815
2026-01-05 08:00,Zone_A,386,37.4,medium,0,RA-102,40.717505,-74.004086
2026-01-05 08:00,Zone_B,608,33.0,high,0,RB-202,40.715461,-74.006975
2026-01-05 08:00,Zone_C,380,27.3,medium,0,RC-303,40.70677,-74.012984
2026-01-05 09:00,Zone_A,359,34.2,medium,0,RA-101,40.720743,-74.001856
2026-01-05 09:00,Zone_B,658,24.0,critical,0,RB-203,40.714855,-74.007611
2026-01-05 09:00,Zone_C,387,30.0,medium,0,RC-302,40.705826,-74.008397
2026-01-05 10:00,Zone_A,301,39.9,medium,0,RA-103,40.7151,-74.000667
2026-01-05 10:00,Zone_B,497,32.9,high,0,RB-201,40.714637,-74.003541
2026-01-05 10:00,Zone_C,392,31.1,medium,0,RC-302,40.703515,-74.011873
2026-01-05 11:00,Zone_A,285,51.1,medium,0,RA-101,40.719183,-74.0032
2026-01-05 11:00,Zone_B,329,31.7,medium,0,RB-201,40.712076,-74.005684
2026-01-05 11:00,Zone_C,330,34.2,medium,0,RC-301,40.705869,-74.012012
2026-01-05 12:00,Zone_A,240,43.5,low,0,RA-102,40.719154,-74.001599
2026-01-05 12:00,Zone_B,335,43.5,medium,0,RB-202,40.713181,-74.008803
2026-01-05 12:00,Zone_C,345,40.2,medium,0,RC-302,40.706925,-74.008427
2026-01-05 13:00,Zone_A,208,51.3,low,0,RA-103,40.720379,-74.00301
2026-01-05 13:00,Zone_B,400,54.2,medium,0,RB-202,40.715646,-74.008678
2026-01-05 13:00,Zone_C,315,41.0,medium,0,RC-302,40.705574,-74.008186
2026-01-05 14:00,Zone_A,250,46.9,medium,0,RA-102,40.717135,-73.999353
2026-01-05 14:00,Zone_B,395,45.9,medium,0,RB-201,40.711572,-74.007521
2026-01-05 14:00,Zone_C,309,38.6,medium,0,RC-301,40.706438,-74.0121
2026-01-05 15:00,Zone_A,340,46.8,medium,0,RA-102,40.715613,-74.004476
2026-01-05 15:00,Zone_B,420,36.3,medium,0,RB-203,40.711923,-74.008442
2026-01-05 15:00,Zone_C,298,28.0,medium,1,RC-303,40.706675,-74.009651
2026-01-05 16:00,Zone_A,420,29.6,medium,0,RA-102,40.717284,-74.004167
2026-01-05 16:00,Zone_B,581,30.4,high,0,RB-202,40.711599,-74.004304
2026-01-05 16:00,Zone_C,285,31.2,medium,0,RC-302,40.703173,-74.013358
2026-01-05 17:00,Zone_A,441,31.8,medium,0,RA-102,40.720173,-74.002359
2026-01-05 17:00,Zone_B,699,13.6,critical,0,RB-201,40.711724,-74.003316
2026-01-05 17:00,Zone_C,264,25.7,medium,0,RC-303,40.706409,-74.010203
2026-01-05 18:00,Zone_A,420,28.1,medium,0,RA-101,40.71719,-73.999408
2026-01-05 18:00,Zone_B,625,19.3,high,0,RB-203,40.715518,-74.00623
2026-01-05 18:00,Zone_C,263,30.7,medium,0,RC-303,40.707087,-74.00923
2026-01-05 19:00,Zone_A,328,35.8,medium,0,RA-101,40.719291,-74.000266
2026-01-05 19:00,Zone_B,533,29.7,high,0,RB-202,40.715341,-74.003782
2026-01-05 19:00,Zone_C,184,27.5,low,0,RC-301,40.705221,-74.010171
2026-01-05 20:00,Zone_A,304,43.5,medium,0,RA-103,40.718676,-74.001621
2026-01-05 20:00,Zone_B,450,29.8,high,0,RB-202,40.712383,-74.008937
2026-01-05 20:00,Zone_C,185,38.7,low,0,RC-302,40.703326,-74.011755
2026-01-05 21:00,Zone_A,235,41.0,low,0,RA-102,40.715147,-74.004373
2026-01-05 21:00,Zone_B,389,38.8,medium,0,RB-201,40.71189,-74.006942
2026-01-05 21:00,Zone_C,131,37.4,low,0,RC-301,40.704715,-74.013597
2026-01-05 22:00,Zone_A,201,47.1,low,0,RA-103,40.719063,-74.004014
2026-01-05 22:00,Zone_B,321,46.0,medium,0,RB-202,40.715551,-74.007609
2026-01-05 22:00,Zone_C,124,38.6,low,0,RC-302,40.706424,-74.008701
2026-01-05 23:00,Zone_A,161,47.9,low,0,RA-101,40.719514,-74.000148
2026-01-05 23:00,Zone_B,235,40.0,low,0,RB-203,40.710982,-74.008316
2026-01-05 23:00,Zone_C,141,38.1,low,0,RC-302,40.705668,-74.010478
2026-01-06 00:00,Zone_A,128,56.6,low,0,RA-103,40.719804,-73.999488
2026-01-06 00:00,Zone_B,257,49.1,medium,0,RB-203,40.710898,-74.004839
2026-01-06 00:00,Zone_C,93,46.0,low,0,RC-303,40.70492,-74.010776
2026-01-06 01:00,Zone_A,151,52.6,low,0,RA-103,40.716123,-73.999948
2026-01-06 01:00,Zone_B,263,49.9,medium,1,RB-203,40.714691,-74.003217
2026-01-06 01:00,Zone_C,103,41.3,low,0,RC-303,40.704663,-74.012996
2026-01-06 02:00,Zone_A,174,55.3,low,0,RA-102,40.718226,-74.003991
2026-01-06 02:00,Zone_B,157,45.4,low,0,RB-203,40.713236,-74.007393
2026-01-06 02:00,Zone_C,129,41.6,low,0,RC-302,40.706314,-74.010722
2026-01-06 03:00,Zone_A,169,58.6,low,0,RA-102,40.720996,-74.002302
2026-01-06 03:00,Zone_B,229,47.3,low,0,RB-203,40.714671,-74.007741
2026-01-06 03:00,Zone_C,116,42.8,low,0,RC-301,40.702996,-74.013165
2026-01-06 04:00,Zone_A,152,47.1,low,0,RA-103,40.718581,-74.00399
2026-01-06 04:00,Zone_B,210,54.9,low,0,RB-201,40.715201,-74.004109
2026-01-06 04:00,Zone_C,185,42.8,low,0,RC-301,40.707202,-74.013239
2026-01-06 05:00,Zone_A,151,58.8,low,0,RA-103,40.719057,-74.002063
2026-01-06 05:00,Zone_B,211,41.9,low,0,RB-202,40.714568,-74.004387
2026-01-06 05:00,Zone_C,163,42.7,low,0,RC-301,40.707702,-74.012036
2026-01-06 06:00,Zone_A,262,40.7,medium,0,RA-101,40.718809,-74.000816
2026-01-06 06:00,Zone_B,383,35.1,medium,0,RB-202,40.712768,-74.007063
2026-01-06 06:00,Zone_C,222,41.2,low,0,RC-301,40.704062,-74.009905
2026-01-06 07:00,Zone_A,337,42.1,medium,0,RA-102,40.720577,-74.004052
2026-01-06 07:00,Zone_B,590,33.1,high,0,RB-201,40.710591,-74.0051
2026-01-06 07:00,Zone_C,323,28.6,medium,0,RC-303,40.702495,-74.010013
2026-01-06 08:00,Zone_A,387,38.4,medium,0,RA-103,40.716405,-74.001067
2026-01-06 08:00,Zone_B,625,28.5,high,0,RB-201,40.712917,-74.00633
2026-01-06 08:00,Zone_C,339,23.0,medium,0,RC-302,40.702793,-74.013575
2026-01-06 09:00,Zone_A,413,38.7,medium,0,RA-101,40.716796,-74.002704
2026-01-06 09:00,Zone_B,564,20.7,high,1,RB-202,40.713462,-74.008015
2026-01-06 09:00,Zone_C,374,24.1,medium,0,RC-301,40.706119,-74.00884
2026-01-06 10:00,Zone_A,314,39.1,medium,0,RA-101,40.717109,-74.002424
2026-01-06 10:00,Zone_B,491,40.2,high,0,RB-203,40.714127,-74.00729
2026-01-06 10:00,Zone_C,409,33.9,medium,0,RC-302,40.705642,-74.012868
2026-01-06 11:00,Zone_A,228,47.6,low,0,RA-102,40.717969,-74.004324
2026-01-06 11:00,Zone_B,364,38.4,medium,0,RB-202,40.711967,-74.007101
2026-01-06 11:00,Zone_C,367,34.8,medium,0,RC-301,40.706576,-74.008273
2026-01-06 12:00,Zone_A,205,49.1,low,0,RA-103,40.715363,-74.000264
2026-01-06 12:00,Zone_B,306,50.7,medium,0,RB-203,40.712214,-74.005157
2026-01-06 12:00,Zone_C,319,38.4,medium,0,RC-303,40.703219,-74.009152
2026-01-06 13:00,Zone_A,183,53.5,low,0,RA-102,40.718859,-74.003139
2026-01-06 13:00,Zone_B,314,33.1,medium,0,RB-203,40.712407,-74.00628
2026-01-06 13:00,Zone_C,342,41.3,medium,0,RC-301,40.702076,-74.013177
2026-01-06 14:00,Zone_A,262,54.7,medium,0,RA-101,40.719325,-74.003998
2026-01-06 14:00,Zone_B,374,29.6,medium,0,RB-202,40.715199,-74.00699
2026-01-06 14:00,Zone_C,298,38.8,medium,0,RC-302,40.702462,-74.011269
2026-01-06 15:00,Zone_A,336,44.3,medium,0,RA-103,40.71964,-73.999634
2026-01-06 15:00,Zone_B,463,30.8,high,0,RB-202,40.714978,-74.007533
2026-01-06 15:00,Zone_C,260,38.9,medium,0,RC-303,40.702212,-74.009181
2026-01-06 16:00,Zone_A,361,31.6,medium,0,RA-101,40.719322,-74.003372
2026-01-06 16:00,Zone_B,566,26.5,high,0,RB-201,40.711139,-74.005905
2026-01-06 16:00,Zone_C,293,28.7,medium,0,RC-303,40.707069,-74.012036
2026-01-06 17:00,Zone_A,393,32.6,medium,0,RA-102,40.719437,-74.003544
2026-01-06 17:00,Zone_B,628,19.5,high,0,RB-201,40.715203,-74.004437
2026-01-06 17:00,Zone_C,304,31.1,medium,1,RC-301,40.705816,-74.009839
2026-01-06 18:00,Zone_A,417,31.5,medium,0,RA-103,40.719363,-74.004376
2026-01-06 18:00,Zone_B,709,22.1,critical,0,RB-201,40.710654,-74.007321
2026-01-06 18:00,Zone_C,292,22.5,medium,0,RC-301,40.704235,-74.008153
2026-01-06 19:00,Zone_A,337,33.5,medium,0,RA-103,40.718551,-74.004626
2026-01-06 19:00,Zone_B,613,26.8,high,0,RB-203,40.714605,-74.004796
2026-01-06 19:00,Zone_C,207,31.9,low,0,RC-301,40.702817,-74.009379
2026-01-06 20:00,Zone_A,298,43.6,medium,0,RA-101,40.718216,-73.999212
2026-01-06 20:00,Zone_B,425,36.0,medium,0,RB-203,40.714646,-74.007175
2026-01-06 20:00,Zone_C,177,33.0,low,0,RC-302,40.702547,-74.012511
2026-01-06 21:00,Zone_A,224,47.1,low,0,RA-102,40.716043,-73.999287
2026-01-06 21:00,Zone_B,326,37.7,medium,0,RB-201,40.714563,-74.008271
2026-01-06 21:00,Zone_C,177,30.3,low,0,RC-303,40.704233,-74.010218
2026-01-06 22:00,Zone_A,225,51.6,low,0,RA-103,40.720983,-74.003813
2026-01-06 22:00,Zone_B,301,43.9,medium,0,RB-202,40.711789,-74.008744
2026-01-06 22:00,Zone_C,176,42.1,low,0,RC-302,40.704977,-74.011704
2026-01-06 23:00,Zone_A,190,52.5,low,0,RA-103,40.720301,-74.004792
2026-01-06 23:00,Zone_B,256,39.4,medium,0,RB-202,40.712674,-74.008474
2026-01-06 23:00,Zone_C,134,42.4,low,0,RC-301,40.705785,-74.009187
2026-01-07 00:00,Zone_A,188,52.6,low,0,RA-103,40.717908,-73.999524
2026-01-07 00:00,Zone_B,225,51.3,low,0,RB-202,40.709976,-74.004136
2026-01-07 00:00,Zone_C,171,46.7,low,0,RC-301,40.707998,-74.008156
2026-01-07 01:00,Zone_A,137,56.6,low,0,RA-101,40.719422,-74.000416
2026-01-07 01:00,Zone_B,126,41.9,low,0,RB-201,40.715749,-74.007958
2026-01-07 01:00,Zone_C,85,40.9,low,0,RC-303,40.702169,-74.009797
2026-01-07 02:00,Zone_A,103,52.0,low,0,RA-102,40.72029,-74.002047
2026-01-07 02:00,Zone_B,225,50.0,low,0,RB-202,40.70992,-74.006132
2026-01-07 02:00,Zone_C,133,43.2,low,0,RC-302,40.707513,-74.008934
2026-01-07 03:00,Zone_A,144,54.9,low,0,RA-102,40.715666,-74.001842
2026-01-07 03:00,Zone_B,255,47.7,medium,0,RB-201,40.710406,-74.007189
2026-01-07 03:00,Zone_C,164,43.5,low,0,RC-303,40.704923,-74.012096
2026-01-07 04:00,Zone_A,172,52.6,low,0,RA-101,40.716339,-74.001466
2026-01-07 04:00,Zone_B,177,54.2,low,0,RB-203,40.709811,-74.004788
2026-01-07 04:00,Zone_C,101,50.1,low,0,RC-303,40.705614,-74.008474
2026-01-07 05:00,Zone_A,157,57.6,low,0,RA-102,40.719472,-74.003572
2026-01-07 05:00,Zone_B,290,56.2,medium,0,RB-202,40.713635,-74.00368
2026-01-07 05:00,Zone_C,193,43.1,low,0,RC-301,40.706722,-74.009678
2026-01-07 06:00,Zone_A,198,50.7,low,0,RA-103,40.717958,-74.002728
2026-01-07 06:00,Zone_B,319,46.6,medium,0,RB-202,40.714349,-74.007647
2026-01-07 06:00,Zone_C,270,40.4,medium,0,RC-301,40.70771,-74.013555
2026-01-07 07:00,Zone_A,315,39.0,medium,0,RA-103,40.720868,-74.002972
2026-01-07 07:00,Zone_B,539,28.2,high,0,RB-201,40.713444,-74.006395
2026-01-07 07:00,Zone_C,305,34.1,medium,0,RC-302,40.706332,-74.00962
2026-01-07 08:00,Zone_A,363,32.0,medium,0,RA-101,40.718298,-74.002054
2026-01-07 08:00,Zone_B,575,30.6,high,0,RB-201,40.713401,-74.007802
2026-01-07 08:00,Zone_C,359,32.4,medium,0,RC-302,40.702693,-74.009291
2026-01-07 09:00,Zone_A,338,35.3,medium,0,RA-102,40.716109,-73.999687
2026-01-07 09:00,Zone_B,606,27.9,high,0,RB-201,40.714822,-74.005615
2026-01-07 09:00,Zone_C,379,23.8,medium,0,RC-303,40.705249,-74.008176
2026-01-07 10:00,Zone_A,305,41.9,medium,0,RA-102,40.720794,-74.000878
2026-01-07 10:00,Zone_B,464,31.4,high,0,RB-203,40.714924,-74.008792
2026-01-07 10:00,Zone_C,400,29.7,medium,0,RC-301,40.702722,-74.009457
2026-01-07 11:00,Zone_A,244,45.5,low,0,RA-103,40.715256,-74.00453
2026-01-07 11:00,Zone_B,247,46.6,low,0,RB-201,40.711347,-74.003535
2026-01-07 11:00,Zone_C,372,39.7,medium,0,RC-301,40.705118,-74.008497
2026-01-07 12:00,Zone_A,204,43.5,low,0,RA-103,40.717487,-74.004111
2026-01-07 12:00,Zone_B,230,36.5,low,0,RB-203,40.714477,-74.004286
2026-01-07 12:00,Zone_C,361,35.8,medium,0,RC-301,40.705432,-74.011162
2026-01-07 13:00,Zone_A,196,51.0,low,0,RA-102,40.715233,-73.999663
2026-01-07 13:00,Zone_B,320,41.2,medium,0,RB-202,40.712035,-74.006973
2026-01-07 13:00,Zone_C,300,45.2,medium,0,RC-302,40.707835,-74.012632
2026-01-07 14:00,Zone_A,257,45.6,medium,0,RA-101,40.717501,-74.001127
2026-01-07 14:00,Zone_B,292,43.8,medium,0,RB-201,40.712899,-74.006757
2026-01-07 14:00,Zone_C,287,37.6,medium,0,RC-303,40.702814,-74.008892
2026-01-07 15:00,Zone_A,306,42.0,medium,0,RA-102,40.716497,-74.002261
2026-01-07 15:00,Zone_B,459,30.5,high,0,RB-201,40.713612,-74.008257
2026-01-07 15:00,Zone_C,291,37.3,medium,0,RC-302,40.704847,-74.010692
2026-01-07 16:00,Zone_A,390,43.0,medium,0,RA-101,40.71671,-74.002681
2026-01-07 16:00,Zone_B,626,20.7,high,0,RB-203,40.711151,-74.00776
2026-01-07 16:00,Zone_C,282,29.3,medium,0,RC-303,40.702053,-74.008531
2026-01-07 17:00,Zone_A,437,38.0,medium,0,RA-103,40.720658,-74.000724
2026-01-07 17:00,Zone_B,641,18.6,high,0,RB-203,40.711312,-74.0062
2026-01-07 17:00,Zone_C,249,25.0,low,0,RC-302,40.707997,-74.008201
2026-01-07 18:00,Zone_A,385,29.6,medium,0,RA-102,40.71789,-74.002982
2026-01-07 18:00,Zone_B,617,15.0,high,0,RB-201,40.715154,-74.007207
2026-01-07 18:00,Zone_C,239,25.3,low,1,RC-302,40.70686,-74.011575
2026-01-07 19:00,Zone_A,346,30.0,medium,0,RA-102,40.716557,-74.002489
2026-01-07 19:00,Zone_B,579,21.0,high,0,RB-203,40.711859,-74.00472
2026-01-07 19:00,Zone_C,183,27.8,low,0,RC-303,40.705044,-74.008927
2026-01-07 20:00,Zone_A,301,39.8,medium,0,RA-101,40.716552,-74.00015
2026-01-07 20:00,Zone_B,549,30.8,high,0,RB-202,40.71114,-74.003771
2026-01-07 20:00,Zone_C,183,31.2,low,0,RC-303,40.707107,-74.011177
2026-01-07 21:00,Zone_A,178,41.5,low,0,RA-102,40.718003,-73.999795
2026-01-07 21:00,Zone_B,333,38.9,medium,0,RB-203,40.715754,-74.006944
2026-01-07 21:00,Zone_C,195,32.2,low,0,RC-302,40.703082,-74.013515
2026-01-07 22:00,Zone_A,186,47.1,low,2,RA-101,40.716641,-74.000433
2026-01-07 22:00,Zone_B,300,41.6,medium,0,RB-202,40.710576,-74.006398
2026-01-07 22:00,Zone_C,90,44.4,low,0,RC-301,40.703196,-74.011761
2026-01-07 23:00,Zone_A,215,45.8,low,0,RA-101,40.715025,-74.000598
2026-01-07 23:00,Zone_B,286,39.9,medium,0,RB-201,40.713332,-74.007998
2026-01-07 23:00,Zone_C,120,43.3,low,0,RC-301,40.704027,-74.008672
